{
  "Amazonas": ["Leticia", "Puerto Nariño"],
  "Antioquia": ["Medellín", "Bello", "Itagüí", "Envigado", "Rionegro"],
  "Atlántico": ["Barranquilla", "Soledad", "Malambo", "Sabanalarga"],
  "Bogotá": ["Bogotá"],
  "Bolívar": ["Cartagena", "Magangué", "Turbaco"],
  "Boyacá": ["Tunja", "Sogamoso", "Duitama", "Chiquinquirá"],
  "Caldas": ["Manizales", "La Dorada", "Chinchiná"],
  "Caquetá": ["Florencia", "San Vicente del Caguán"],
  "Casanare": ["Yopal", "Aguazul", "Tauramena"],
  "Cauca": ["Popayán", "Santander de Quilichao"],
  "Cesar": ["Valledupar", "Aguachica", "Codazzi"],
  "Chocó": ["Quibdó", "Istmina", "Riosucio"],
  "Córdoba": ["Montería", "Cereté", "Sahagún"],
  "Cundinamarca": ["Soacha", "Girardot", "Facatativá", "Zipaquirá"],
  "Guainía": ["Inírida"],
  "Guaviare": ["San José del Guaviare"],
  "Huila": ["Neiva", "Pitalito", "Garzón"],
  "La Guajira": ["Riohacha", "Maicao", "Uribia"],
  "Magdalena": ["Santa Marta", "Ciénaga", "Fundación"],
  "Meta": ["Villavicencio", "Acacías", "Granada"],
  "Nariño": ["Pasto", "Tumaco", "Ipiales"],
  "Norte de Santander": ["Cúcuta", "Ocaña", "Pamplona"],
  "Putumayo": ["Mocoa", "Puerto Asís"],
  "Quindío": ["Armenia", "Calarcá", "La Tebaida"],
  "Risaralda": ["Pereira", "Dosquebradas", "Santa Rosa de Cabal"],
  "San Andrés": ["San Andrés"],
  "Santander": ["Bucaramanga", "Floridablanca", "Girón", "Piedecuesta"],
  "Sucre": ["Sincelejo", "Corozal", "Sampués"],
  "Tolima": ["Ibagué", "Espinal", "Melgar"],
  "Valle del Cauca": ["Cali", "Palmira", "Buenaventura", "Tuluá"],
  "Vaupés": ["Mitú"],
  "Vichada": ["Puerto Carreño"]
}